entry,section,pdf_page,line_start,line_end
abejoti,Lithuanian,57,687,692
abu,Lithuanian,57,693,710
adata,Lithuanian,57,711,718
adyti,Lithuanian,57,719,726
aguona,Lithuanian,57,727,743
aigyti,Lithuanian,58,744,749
aikštė,Lithuanian,58,750,757
aikštis l,Lithuanian,59,758,763
aikštis 11,Lithuanian,59,764,769
ailis,Lithuanian,59,770,777
aistra,Lithuanian,59,778,783
aiškus,Lithuanian,59,784,799
aiža,Lithuanian,60,800,817
aižyti,Lithuanian,60,818,823
aka,Lithuanian,60,824,833
akėčios,Lithuanian,60,834,857
akėti,Lithuanian,61,858,865
akis,Lithuanian,61,866,885
akmuo,Lithuanian,61,886,907
akstinas,Lithuanian,62,908,921
aks tis,Lithuanian,62,922,935
akuotas,Lithuanian,62,936,953
alga,Lithuanian,63,954,964
alkanas,Lithuanian,63,965,975
alkas,Lithuanian,63,976,988
alksna,Lithuanian,64,989,1000
alksnis,Lithuanian,64,1001,1019
alkti,Lithuanian,65,1020,1031
alkūnė,Lithuanian,65,1032,1049
almė,Lithuanian,66,1050,1058
almėti,Lithuanian,66,1059,1064
almuo,Lithuanian,66,1065,1070
alpti,Lithuanian,66,1071,1080
alsas,Lithuanian,67,1081,1086
alsuoti,Lithuanian,67,1087,1095
alus,Lithuanian,67,1096,1109
alvas,Lithuanian,67,1110,1124
amalas,Lithuanian,68,1125,1134
anas,Lithuanian,68,1135,1144
anga,Lithuanian,68,1145,1152
angis,Lithuanian,69,1153,1170
anglis,Lithuanian,69,1171,1188
angus,Lithuanian,69,1189,1194
anyta,Lithuanian,69,1195,1208
anka,Lithuanian,70,1209,1219
anksti,Lithuanian,70,1220,1225
ankštas,Lithuanian,70,1226,1235
ankštiras,Lithuanian,70,1236,1245
ankštis,Lithuanian,70,1246,1253
ant,Lithuanian,71,1254,1262
antis l,Lithuanian,71,1263,1272
antis 11,Lithuanian,71,1273,1279
antras,Lithuanian,71,1280,1291
anūkas,Lithuanian,72,1292,1296
apačia,Lithuanian,72,1297,1305
apyaušris,Lithuanian,72,1306,1310
apie,Lithuanian,72,1311,1321
apyūšris,Lithuanian,72,1322,1327
apvalus,Lithuanian,72,1328,1336
apvaras,Lithuanian,73,1337,1345
ar,Lithuanian,73,1346,1354
ardamas,Lithuanian,73,1355,1360
ardas,Lithuanian,73,1361,1373
ardyti,Lithuanian,74,1374,1386
arklas,Lithuanian,74,1387,1391
arklys,Lithuanian,74,1392,1399
aršus,Lithuanian,75,1400,1405
arti l,Lithuanian,75,1406,1423
arti 11,Lithuanian,75,1424,1437
artimas,Lithuanian,76,1438,1443
artojas,Lithuanian,76,1444,1452
aržus,Lithuanian,76,1453,1460
ąsa,Lithuanian,76,1461,1470
asilas,Lithuanian,76,1471,1482
ąsotas,Lithuanian,77,1483,1488
aš,Lithuanian,77,1489,1501
ašara,Lithuanian,77,1502,1510
ašis,Lithuanian,77,1511,1525
ašmas,Lithuanian,77,1526,1539
ašmenys,Lithuanian,78,1540,1544
aštrus,Lithuanian,78,1545,1559
aštuntas,Lithuanian,78,1560,1566
aštuoni,Lithuanian,78,1567,1585
ašutas,Lithuanian,79,1586,1596
ašva,Lithuanian,79,1597,1609
ašvienis,Lithuanian,79,1610,1615
at,Lithuanian,79,1616,1631
atkarus,Lithuanian,80,1632,1637
atkusti,Lithuanian,80,1638,1644
atlaikas,Lithuanian,80,1645,1653
atolas,Lithuanian,80,1654,1663
atsailė,Lithuanian,81,1664,1668
atsala,Lithuanian,81,1669,1673
atšankė,Lithuanian,81,1674,1676
atverti,Lithuanian,81,1677,1683
au-,Lithuanian,82,1684,1699
audra,Lithuanian,82,1700,1705
auginti,Lithuanian,82,1706,1713
augmuo,Lithuanian,82,1714,1721
augti,Lithuanian,82,1722,1734
auka,Lithuanian,83,1735,1740
auklė,Lithuanian,83,1741,1747
aukoti,Lithuanian,83,1748,1753
auksas,Lithuanian,83,1754,1767
auksinas,Lithuanian,84,1768,1773
aukštas,Lithuanian,84,1774,1782
aulas,Lithuanian,84,1783,1792
aulys,Lithuanian,84,1793,1804
aumuo,Lithuanian,85,1805,1813
aure,Lithuanian,85,1814,1819
ausčioti,Lithuanian,85,1820,1830
ausis,Lithuanian,85,1831,1840
austi,Lithuanian,85,1841,1849
aušra,Lithuanian,86,1850,1865
aušti,Lithuanian,86,1866,1872
autas,Lithuanian,86,1873,1881
auti,Lithuanian,87,1882,1894
avėti,Lithuanian,87,1895,1900
avikiena,Lithuanian,87,1901,1909
avinas,Lithuanian,87,1910,1916
a vynas,Lithuanian,88,1917,1929
avis,Lithuanian,88,1930,1944
aviža,Lithuanian,88,1945,1961
ąžuolas,Lithuanian,89,1962,1973
ba,Lithuanian,89,1974,1985
badas,Lithuanian,89,1986,1990
badyti,Lithuanian,89,1991,2002
baidyti,Lithuanian,90,2003,2012
baigti,Lithuanian,90,2013,2018
bailė,Lithuanian,90,2019,2025
bailus,Lithuanian,90,2026,2032
baimė,Lithuanian,90,2033,2039
baisa,Lithuanian,90,2040,2047
baisinti,Lithuanian,91,2048,2052
baisioti,Lithuanian,91,2053,2058
baisus,Lithuanian,91,2059,2069
bajus,Lithuanian,91,2070,2075
bala,Lithuanian,91,2076,2083
balanda,Lithuanian,91,2084,2093
balandis,Lithuanian,92,2094,2102
balas,Lithuanian,92,2103,2116
baldyti,Lithuanian,93,2117,2127
balnas l,Lithuanian,93,2128,2137
balnas 11,Lithuanian,93,2138,2150
balnis,Lithuanian,93,2151,2162
balsas,Lithuanian,94,2163,2169
baltas,Lithuanian,94,2170,2181
balžienas,Lithuanian,94,2182,2198
banga,Lithuanian,95,2199,2205
barnis,Lithuanian,95,2206,2215
barti,Lithuanian,95,2216,2231
barzda,Lithuanian,96,2232,2247
barzdotas,Lithuanian,96,2248,2259
basas,Lithuanian,97,2260,2265
bandyti,Lithuanian,97,2266,2272
bauginti,Lithuanian,97,2273,2277
baugštus,Lithuanian,97,2278,2282
baugus,Lithuanian,97,2283,2293
baukti,Lithuanian,98,2294,2299
bausti,Lithuanian,98,2300,2305
baužas l,Lithuanian,98,2306,2316
be,Lithuanian,98,2317,2327
bebras,Lithuanian,98,2328,2346
bėda,Lithuanian,99,2347,2361
bėgti,Lithuanian,99,2362,2374
beigti,Lithuanian,100,2375,2381
belsti,Lithuanian,100,2382,2388
bengti,Lithuanian,100,2389,2398
bėras,Lithuanian,101,2399,2409
bergždė,Lithuanian,101,2410,2415
bergždžias,Lithuanian,101,2416,2431
bernas,Lithuanian,102,2432,2440
berti,Lithuanian,102,2441,2454
beržas,Lithuanian,102,2455,2470
besti,Lithuanian,102,2471,2485
bezdėti,Lithuanian,103,2486,2496
bijoti,Lithuanian,103,2497,2509
byla,Lithuanian,103,2510,2517
bildėti,Lithuanian,104,2518,2525
byloti,Lithuanian,104,2526,2532
bilti,Lithuanian,104,2533,2539
bingti,Lithuanian,104,2540,2545
birginti,Lithuanian,104,2546,2552
birti,Lithuanian,104,2553,2561
biržė,Lithuanian,105,2562,2571
biržis,Lithuanian,105,2572,2578
biržlis,Lithuanian,105,2579,2584
biržtva,Lithuanian,105,2585,2589
bitė,Lithuanian,105,2590,2604
biZ<las,Lithuanian,106,2605,2610
blaivas,Lithuanian,106,2611,2620
blaižyti,Lithuanian,106,2621,2627
blanda,Lithuanian,106,2628,2633
blandas,Lithuanian,106,2634,2647
blandytis,Lithuanian,107,2648,2659
blandus,Lithuanian,107,2660,2666
blęsti,Lithuanian,107,2667,2681
bliauti,Lithuanian,108,2682,2690
bliežti,Lithuanian,108,2691,2697
blįsti,Lithuanian,108,2698,2706
blyškėti,Lithuanian,109,2707,2711
blizgas,Lithuanian,109,2712,2716
blizgėti,Lithuanian,109,2717,2721
blyžė,Lithuanian,109,2722,2730
blusa,Lithuanian,110,2731,2740
boba,Lithuanian,110,2741,2755
bosti,Lithuanian,111,2756,2761
bradas,Lithuanian,111,2762,2774
braidyti,Lithuanian,111,2775,2786
brandus,Lithuanian,111,2787,2796
branka,Lithuanian,112,2797,2804
braškėti,Lithuanian,112,2805,2810
braukyti,Lithuanian,112,2811,2822
brauktas,Lithuanian,112,2823,2834
braukti,Lithuanian,113,2835,2842
brauti,Lithuanian,113,2843,2851
brėkšti,Lithuanian,113,2852,2861
brengzti,Lithuanian,113,2862,2868
bręsti,Lithuanian,113,2869,2880
brėžti,Lithuanian,114,2881,2886
briauna,Lithuanian,114,2887,2891
brydė,Lithuanian,114,2892,2898
briedis,Lithuanian,114,2899,2906
brinkti,Lithuanian,114,2907,2921
bristi,Lithuanian,115,2922,2934
brįsti,Lithuanian,115,2935,2941
brolis,Lithuanian,115,2942,2957
broterėlis,Lithuanian,116,2958,2962
brožti,Lithuanian,116,2963,2973
brūkis,Lithuanian,116,2974,2981
bruknė,Lithuanian,116,2982,2994
brukti,Lithuanian,117,2995,3004
brunė,Lithuanian,117,3005,3014
bruvis,Lithuanian,117,3015,3025
bruzduklis,Lithuanian,118,3026,3032
bruzdus,Lithuanian,118,3033,3040
budėti,Lithuanian,118,3041,3050
budinti,Lithuanian,118,3051,3057
budrus,Lithuanian,118,3058,3071
bugšnus,Lithuanian,119,3072,3078
bugštus,Lithuanian,119,3079,3084
būgti,Lithuanian,119,3085,3090
būklas,Lithuanian,119,3091,3101
buožė,Lithuanian,119,3102,3110
būrys,Lithuanian,120,3111,3117
burna,Lithuanian,120,3118,3130
burtas,Lithuanian,120,3131,3147
burti,Lithuanian,121,3148,3154
busti,Lithuanian,121,3155,3161
butas,Lithuanian,121,3162,3170
būti,Lithuanian,121,3171,3188
buvinti,Lithuanian,122,3189,3200
buvoti,Lithuanian,122,3201,3209
bužė,Lithuanian,122,3210,3218
būžys,Lithuanian,123,3219,3231
čia,Lithuanian,123,3232,3237
čiūtys,Lithuanian,123,3238,3243
čiutnas,Lithuanian,123,3244,3253
daba,Lithuanian,124,3254,3266
dabar,Lithuanian,124,3267,3272
dabnus,Lithuanian,124,3273,3278
daga,Lithuanian,124,3279,3289
dagys,Lithuanian,124,3290,3298
daiginti,Lithuanian,125,3299,3304
daigyti,Lithuanian,125,3305,3311
daiktas,Lithuanian,125,3312,3320
dailė,Lithuanian,125,3321,3327
dailinti,Lithuanian,125,3328,3334
dailyti,Lithuanian,125,3335,3347
dailus,Lithuanian,126,3348,3354
daina,Lithuanian,126,3355,3363
dainuoti,Lithuanian,126,3364,3370
dairytis,Lithuanian,126,3371,3379
dalba,Lithuanian,127,3380,3390
dalgis,Lithuanian,127,3391,3400
dalia,Lithuanian,127,3401,3413
dalis,Lithuanian,128,3414,3420
dalyti,Lithuanian,128,3421,3436
danga,Lithuanian,128,3437,3450
danginti,Lithuanian,129,3451,3455
dangus,Lithuanian,129,3456,3460
dantis,Lithuanian,129,3461,3468
darbas,Lithuanian,129,3469,3475
darga,Lithuanian,129,3476,3487
dargana,Lithuanian,129,3488,3494
dargti,Lithuanian,130,3495,3499
dargus,Lithuanian,130,3500,3505
daryti,Lithuanian,130,3506,3514
darkyti,Lithuanian,130,3515,3520
darkus,Lithuanian,130,3521,3527
dauba,Lithuanian,130,3528,3540
dauburys,Lithuanian,131,3541,3545
daug,Lithuanian,131,3546,3554
dausios,Lithuanian,131,3555,3561
dausos,Lithuanian,131,3562,3570
debesis,Lithuanian,132,3571,3582
dėdė,Lithuanian,132,3583,3592
degis,Lithuanian,132,3593,3600
deglas l,Lithuanian,133,3601,3607
deglas 11,Lithuanian,133,3608,3615
degti,Lithuanian,133,3616,3628
degutas,Lithuanian,133,3629,3639
deivė,Lithuanian,133,3640,3651
deja,Lithuanian,134,3652,3658
dėl,Lithuanian,134,3659,3667
delba,Lithuanian,134,3668,3674
delbti,Lithuanian,134,3675,3683
dėlė,Lithuanian,134,3684,3696
dėlioti,Lithuanian,135,3697,3701
delnas,Lithuanian,135,3702,3706
dengti I,Lithuanian,135,3707,3717
dengti 11,Lithuanian,136,3718,3726
derėti,Lithuanian,136,3727,3733
dergėti,Lithuanian,136,3734,3742
derglioti,Lithuanian,136,3743,3749
dergna,Lithuanian,136,3750,3757
dergti,Lithuanian,137,3758,3767
derkti,Lithuanian,137,3768,3775
derti,Lithuanian,137,3776,3785
derva,Lithuanian,137,3786,3800
dešimt,Lithuanian,138,3801,3816
dešimtas,Lithuanian,138,3817,3829
dešinas,Lithuanian,138,3830,3843
dėti,Lithuanian,139,3844,3856
dėtis,Lithuanian,139,3857,3861
dėvėti,Lithuanian,139,3862,3870
devyni,Lithuanian,140,3871,3884
devintas,Lithuanian,140,3885,3897
diegas,Lithuanian,140,3898,3908
diegti,Lithuanian,141,3909,3915
diena,Lithuanian,141,3916,3922
dieni,Lithuanian,141,3923,3931
dievas,Lithuanian,142,3932,3941
dieveris,Lithuanian,142,3942,3951
dievo tis,Lithuanian,142,3952,3958
diežti,Lithuanian,142,3959,3964
dyglė,Lithuanian,142,3965,3972
dyglys,Lithuanian,143,3973,3977
dygsnis,Lithuanian,143,3978,3982
dygti,Lithuanian,143,3983,3987
dykas,Lithuanian,143,3988,3992
dilba,Lithuanian,143,3993,3997
dilbti,Lithuanian,143,3998,4006
dilgė,Lithuanian,144,4007,4013
dilginti,Lithuanian,144,4014,4019
dilgti,Lithuanian,144,4020,4027
dilgus,Lithuanian,144,4028,4033
dilti,Lithuanian,144,4034,4040
ditnstis,Lithuanian,144,4041,4046
dingti,Lithuanian,144,4047,4055
dirbti,Lithuanian,145,4056,4063
dyrėti,Lithuanian,145,4064,4070
dirginti,Lithuanian,145,4071,4077
dirgti l,Lithuanian,146,4078,4090
dirkti,Lithuanian,146,4091,4096
dyroti,Lithuanian,146,4097,4102
dirti,Lithuanian,146,4103,4116
dirva,Lithuanian,147,4117,4124
dirvonas,Lithuanian,147,4125,4129
diržas,Lithuanian,147,4130,4136
diržnas,Lithuanian,147,4137,4141
diržti,Lithuanian,147,4142,4148
dyžti,Lithuanian,148,4149,4156
dobti,Lithuanian,148,4157,4163
dovana,Lithuanian,148,4164,4170
drabanas,Lithuanian,148,4171,4176
drabna,Lithuanian,148,4177,4194
drabužis,Lithuanian,149,4195,4202
dragės,Lithuanian,149,4203,4214
dranga l,Lithuanian,149,4215,4222
dranga ll,Lithuanian,150,4223,4228
drangas,Lithuanian,150,4229,4240
drangus,Lithuanian,150,4241,4246
drapana,Lithuanian,150,4247,4251
drąsus,Lithuanian,150,4252,4270
draugas,Lithuanian,151,4271,4275
drebėti,Lithuanian,151,4276,4282
drebėznos,Lithuanian,151,4283,4289
drebinti,Lithuanian,152,4290,4296
drėbti l,Lithuanian,152,4297,4301
drėbti 11,Lithuanian,152,4302,4310
drėgna,Lithuanian,152,4311,4315
drėgnas,Lithuanian,152,4316,4328
dreižti,Lithuanian,153,4329,4335
drėkti l,Lithuanian,153,4336,4341
drėkti 11,Lithuanian,153,4342,4347
drengti l,Lithuanian,153,4348,4353
drengti 11,Lithuanian,153,4354,4359
drežėti,Lithuanian,153,4360,4369
dręžti,Lithuanian,154,4370,4378
dribinis,Lithuanian,154,4379,4384
dribti,Lithuanian,154,4385,4390
drignė,Lithuanian,154,4391,4401
drįsti,Lithuanian,154,4402,4411
drižti,Lithuanian,155,4412,4416
dryžti,Lithuanian,155,4417,4421
drobė,Lithuanian,155,4422,4428
drognė,Lithuanian,155,4429,4433
drožlė,Lithuanian,155,4434,4438
drožti,Lithuanian,155,4439,4445
drugys,Lithuanian,155,4446,4459
drūktas,Lithuanian,156,4460,4464
druožlė,Lithuanian,156,4465,4471
druožti,Lithuanian,156,4472,4477
druska,Lithuanian,156,4478,4488
drūtas,Lithuanian,156,4489,4496
druzgai,Lithuanian,157,4497,4502
du,Lithuanian,157,4503,4517
dubti,Lithuanian,157,4518,4524
dubuo,Lithuanian,157,4525,4531
duburys,Lithuanian,157,4532,4542
dubus,Lithuanian,158,4543,4551
dugnas,Lithuanian,158,4552,4563
duja,Lithuanian,158,4564,4569
duksas,Lithuanian,158,4570,4578
duktė,Lithuanian,159,4579,4584
dūmai,Lithuanian,159,4585,4589
dumblas,Lithuanian,159,4590,4594
dumti,Lithuanian,159,4595,4599
duoba,Lithuanian,160,4600,4605
duobė,Lithuanian,160,4606,4610
duobti,Lithuanian,160,4611,4617
duona,Lithuanian,160,4618,4627
duonis,Lithuanian,160,4628,4634
duoti,Lithuanian,160,4635,4653
durys,Lithuanian,161,4654,4656
durti,Lithuanian,161,4657,4661
dusas,Lithuanian,161,4662,4671
dūsėti,Lithuanian,162,4672,4678
dusti,Lithuanian,162,4679,4687
dūsuoti,Lithuanian,162,4688,4696
dvaras,Lithuanian,162,4697,4712
dvasas,Lithuanian,163,4713,4717
dvasia,Lithuanian,163,4718,4722
dveji,Lithuanian,163,4723,4727
dvėselė,Lithuanian,163,4728,4732
dvėsti,Lithuanian,163,4733,4739
dvigubas,Lithuanian,164,4740,4744
džiaugtis,Lithuanian,164,4745,4749
džiauti,Lithuanian,164,4750,4758
džiūti,Lithuanian,164,4759,4767
ėdis,Lithuanian,164,4768,4783
eglė,Lithuanian,165,4784,4788
eiti,Lithuanian,165,4789,4799
eketė,Lithuanian,166,4800,4806
eldija,Lithuanian,166,4807,4819
elenis,Lithuanian,166,4820,4832
elgeta,Lithuanian,167,4833,4837
elgtis,Lithuanian,167,4838,4842
elnė,Lithuanian,167,4843,4849
elnias,Lithuanian,167,4850,4854
engti,Lithuanian,167,4855,4865
epušė,Lithuanian,168,4866,4877
ėras,Lithuanian,168,4878,4892
erdus,Lithuanian,169,4893,4897
erdvas,Lithuanian,169,4898,4902
erelis,Lithuanian,169,4903,4907
erkė,Lithuanian,169,4908,4912
ernis,Lithuanian,169,4913,4923
eršketas,Lithuanian,170,4924,4932
erškėtis,Lithuanian,170,4933,4942
ertas,Lithuanian,171,4943,4947
eržilas,Lithuanian,171,4948,4952
esmi,Lithuanian,171,4953,4957
esti,Lithuanian,171,4958,4965
ėsti,Lithuanian,171,4966,4982
ešerys,Lithuanian,172,4983,4995
ežeras,Lithuanian,172,4996,5014
ežgys,Lithuanian,173,5015,5022
ežia,Lithuanian,173,5023,5032
ežys,Lithuanian,173,5033,5046
gabana,Lithuanian,174,5047,5053
gabus,Lithuanian,174,5054,5059
gadinti,Lithuanian,174,5060,5066
gaidra,Lithuanian,174,5067,5072
gaidrus,Lithuanian,174,5073,5078
gaidys,Lithuanian,174,5079,5087
gailėti,Lithuanian,175,5088,5092
gailus,Lithuanian,175,5093,5097
gaisas,Lithuanian,175,5098,5104
gaisras,Lithuanian,175,5105,5109
gaisus,Lithuanian,175,5110,5116
gajus,Lithuanian,176,5117,5129
galas,Lithuanian,176,5130,5137
galėti,Lithuanian,176,5138,5144
galva,Lithuanian,176,5145,5162
gamalas,Lithuanian,177,5163,5171
gamas,Lithuanian,177,5172,5176
gaminti,Lithuanian,177,5177,5181
gana,Lithuanian,177,5182,5186
ganas,Lithuanian,177,5187,5191
ganėti,Lithuanian,177,5192,5198
ganyti,Lithuanian,178,5199,5209
garas,Lithuanian,178,5210,5217
garbė,Lithuanian,178,5218,5222
gardas,Lithuanian,178,5223,5239
garėti,Lithuanian,179,5240,5254
gargždas,Lithuanian,179,5255,5261
garnys,Lithuanian,179,5262,5268
garsas,Lithuanian,179,5269,5274
gaubti,Lithuanian,179,5275,5282
gauja,Lithuanian,180,5283,5289
gausti,Lithuanian,180,5290,5298
gausus,Lithuanian,180,5299,5305
gauti,Lithuanian,180,5306,5313
gebėti,Lithuanian,180,5314,5321
gebsnus,Lithuanian,181,5322,5328
gėda,Lithuanian,181,5329,5333
gedėti,Lithuanian,181,5334,5338
geisti,Lithuanian,181,5339,5343
gėla,Lithuanian,181,5344,5350
gėlas,Lithuanian,182,5351,5355
gelbėti,Lithuanian,182,5356,5363
geležis,Lithuanian,182,5364,5374
geležuonys,Lithuanian,183,5375,5383
gelmė,Lithuanian,183,5384,5390
geltas,Lithuanian,183,5391,5407
gelti,Lithuanian,184,5408,5414
geltonas,Lithuanian,184,5415,5422
gelumbė,Lithuanian,184,5423,5427
genėti,Lithuanian,184,5428,5439
genys,Lithuanian,185,5440,5444
gentis,Lithuanian,185,5445,5449
geras,Lithuanian,185,5450,5454
gerbti,Lithuanian,185,5455,5461
gerdas,Lithuanian,185,5462,5468
gerklė,Lithuanian,186,5469,5478
geršė,Lithuanian,186,5479,5484
gerti,Lithuanian,186,5485,5495
gervė,Lithuanian,186,5496,5511
gesyti,Lithuanian,187,5512,5523
gesti l,Lithuanian,187,5524,5529
gesti 11,Lithuanian,187,5530,5540
gęšė,Lithuanian,187,5541,5547
giedoti,Lithuanian,188,5548,5561
giedra,Lithuanian,188,5562,5568
giedras,Lithuanian,188,5569,5583
giesmė,Lithuanian,189,5584,5588
gija,Lithuanian,189,5589,5593
gilbti,Lithuanian,189,5594,5598
gilė,Lithuanian,189,5599,5603
gilna,Lithuanian,189,5604,5613
gilti,Lithuanian,190,5614,5619
giltinė,Lithuanian,190,5620,5626
gilus l,Lithuanian,190,5627,5634
gilus 11,Lithuanian,190,5635,5640
giminė,Lithuanian,190,5641,5646
gymis,Lithuanian,190,5647,5656
gimtas,Lithuanian,191,5657,5661
gimti,Lithuanian,191,5662,5672
ginklas,Lithuanian,191,5673,5677
ginti I,Lithuanian,191,5678,5688
girdėti,Lithuanian,192,5689,5697
giria,Lithuanian,192,5698,5709
girtas,Lithuanian,192,5710,5715
girti,Lithuanian,192,5716,5732
gysla,Lithuanian,193,5733,5737
gyti,Lithuanian,193,5738,5742
gyvas,Lithuanian,193,5743,5752
gyvata,Lithuanian,194,5753,5757
gyventi,Lithuanian,194,5758,5762
glaboti,Lithuanian,194,5763,5767
glaubti,Lithuanian,194,5768,5774
glėbys,Lithuanian,195,5775,5779
glėbti,Lithuanian,195,5780,5786
gleima,Lithuanian,195,5787,5791
gleinė,Lithuanian,195,5792,5800
gleivės,Lithuanian,196,5801,5813
glemės,Lithuanian,196,5814,5822
glėmesos,Lithuanian,196,5823,5829
gliemežys,Lithuanian,196,5830,5838
glieti,Lithuanian,197,5839,5843
glinda,Lithuanian,197,5844,5846
glitus,Lithuanian,197,5847,5849
globti,Lithuanian,197,5850,5854
glodus,Lithuanian,197,5855,5859
gniūsas,Lithuanian,198,5860,5867
gobti,Lithuanian,198,5868,5877
gobus,Lithuanian,198,5878,5883
gomurys,Lithuanian,198,5884,5890
goti,Lithuanian,198,5891,5899
gožti,Lithuanian,199,5900,5907
gramėti,Lithuanian,199,5908,5912
graudinti,Lithuanian,199,5913,5917
graudus,Lithuanian,199,5918,5922
graužti,Lithuanian,199,5923,5927
greboti,Lithuanian,200,5928,5933
grėbti,Lithuanian,200,5934,5947
gręsti,Lithuanian,200,5948,5956
griausti l,Lithuanian,200,5957,5972
griauti,Lithuanian,201,5973,5981
gridyti,Lithuanian,201,5982,5984
grieti,Lithuanian,201,5985,5993
grimzti,Lithuanian,202,5994,6003
grynas,Lithuanian,202,6004,6014
grinda,Lithuanian,203,6015,6026
griūti,Lithuanian,203,6027,6033
grobti,Lithuanian,203,6034,6045
gromulys,Lithuanian,203,6046,6056
groti,Lithuanian,204,6057,6068
grubus,Lithuanian,204,6069,6079
grūdas,Lithuanian,204,6080,6088
grumėti,Lithuanian,204,6089,6104
grumulas,Lithuanian,205,6105,6109
gruodas,Lithuanian,205,6110,6116
grusti,Lithuanian,206,6117,6122
grūsti,Lithuanian,206,6123,6127
grūstis,Lithuanian,206,6128,6135
gubti,Lithuanian,206,6136,6145
gulbis,Lithuanian,206,6146,6162
gulėti,Lithuanian,207,6163,6167
gulsčias,Lithuanian,207,6168,6172
gultas,Lithuanian,207,6173,6177
gulti,Lithuanian,207,6178,6186
guobti,Lithuanian,208,6187,6192
guodas,Lithuanian,208,6193,6201
guolis,Lithuanian,208,6202,6208
guotas,Lithuanian,208,6209,6215
gurdus,Lithuanian,208,6216,6228
gurklys,Lithuanian,209,6229,6233
gurnas,Lithuanian,209,6234,6238
gursti,Lithuanian,209,6239,6243
gurti,Lithuanian,209,6244,6250
gūžė,Lithuanian,210,6251,6255
gvaldyti,Lithuanian,210,6256,6261
gvalis,Lithuanian,210,6262,6283
yda,Lithuanian,211,6284,6290
ielaktis,Lithuanian,211,6291,6295
iena,Lithuanian,211,6296,6302
iesmė,Lithuanian,211,6303,6307
ieškoti,Lithuanian,211,6308,6321
iešmas,Lithuanian,212,6322,6329
ieva,Lithuanian,212,6330,6343
iežti,Lithuanian,212,6344,6352
įkyrėti,Lithuanian,213,6353,6357
ikras,Lithuanian,213,6358,6362
yla,Lithuanian,213,6363,6367
ilgas,Lithuanian,213,6368,6376
ilsėti,Lithuanian,214,6377,6382
ilsti,Lithuanian,214,6383,6388
iltis,Lithuanian,214,6389,6395
imti,Lithuanian,214,6396,6411
ynas,Lithuanian,215,6412,6416
ingti,Lithuanian,215,6417,6421
ynis,Lithuanian,215,6422,6428
inkstas,Lithuanian,216,6429,6441
inkš tėti,Lithuanian,216,6442,6451
inkšti,Lithuanian,216,6452,6455
inkštiras,Lithuanian,216,6456,6461
ir,Lithuanian,216,6462,6472
irbė,Lithuanian,217,6473,6479
irbenis,Lithuanian,217,6480,6484
irklas,Lithuanian,217,6485,6489
irmėdė,Lithuanian,217,6490,6498
iršti,Lithuanian,218,6499,6505
irštva,Lithuanian,218,6506,6512
irti l,Lithuanian,218,6513,6529
įsčios,Lithuanian,219,6530,6534
įsėkti,Lithuanian,219,6535,6543
iš,Lithuanian,220,6544,6556
yščias,Lithuanian,220,6557,6562
yškus,Lithuanian,220,6563,6568
ižas,Lithuanian,220,6569,6574
yžė,Lithuanian,220,6575,6583
ižti,Lithuanian,221,6584,6590
jau,Lithuanian,221,6591,6602
jaugti l,Lithuanian,221,6603,6611
jauja,Lithuanian,221,6612,6622
jaukas,Lithuanian,222,6623,6630
jaukinti,Lithuanian,222,6631,6643
jaukti,Lithuanian,222,6644,6652
jaunas,Lithuanian,223,6653,6660
jaura,Lithuanian,223,6661,6665
jaurus,Lithuanian,223,6666,6670
jausti,Lithuanian,223,6671,6682
jauti,Lithuanian,224,6683,6693
jautis,Lithuanian,224,6694,6699
jautrus,Lithuanian,224,6700,6706
javas,Lithuanian,224,6707,6721
jėgti,Lithuanian,224,6722,6731
jeknos,Lithuanian,225,6732,6738
jentė,Lithuanian,225,6739,6745
jerbė,Lithuanian,225,6746,6752
jerubė,Lithuanian,226,6753,6762
jis,Lithuanian,226,6763,6773
joti,Lithuanian,226,6774,6787
jovalas,Lithuanian,227,6788,6792
judus,Lithuanian,227,6793,6797
jungas,Lithuanian,227,6798,6802
jungti,Lithuanian,227,6803,6811
junkti,Lithuanian,228,6812,6825
juokas,Lithuanian,228,6826,6834
juosmuo,Lithuanian,228,6835,6841
juosta,Lithuanian,228,6842,6857
juosti,Lithuanian,229,6858,6864
jūra,Lithuanian,229,6865,6871
jūs,Lithuanian,229,6872,6876
justi,Lithuanian,229,6877,6885
jūšė,Lithuanian,230,6886,6892
kada,Lithuanian,230,6893,6899
kai,Lithuanian,230,6900,6910
kaimas,Lithuanian,231,6911,6915
kaimenė,Lithuanian,231,6916,6920
kaimynas,Lithuanian,231,6921,6925
kaina,Lithuanian,231,6926,6940
kaininti,Lithuanian,232,6941,6945
kairinti,Lithuanian,232,6946,6958
kairė,Lithuanian,232,6959,6965
kairys,Lithuanian,233,6966,6970
kaisti,Lithuanian,233,6971,6977
kaitėti l,Lithuanian,233,6978,6986
kaitinti,Lithuanian,233,6987,6991
kaitrus,Lithuanian,233,6992,6998
kaklas,Lithuanian,234,6999,7005
kalba,Lithuanian,234,7006,7012
kalbėti,Lithuanian,234,7013,7019
kalybas,Lithuanian,235,7020,7024
kalnas,Lithuanian,235,7025,7029
kaltas l,Lithuanian,235,7030,7038
kaltas 11,Lithuanian,236,7039,7045
kalti,Lithuanian,236,7046,7057
kalva,Lithuanian,236,7058,7064
kalvis,Lithuanian,236,7065,7071
kamanė,Lithuanian,236,7072,7083
kamanos,Lithuanian,237,7084,7090
kamienas,Lithuanian,238,7091,7099
kampas,Lithuanian,238,7100,7111
kančia,Lithuanian,238,7112,7117
kandis,Lithuanian,238,7118,7126
kandus,Lithuanian,239,7127,7131
kanka,Lithuanian,239,7132,7134
kankinti,Lithuanian,239,7135,7139
kapas,Lithuanian,239,7140,7147
kapoti,Lithuanian,239,7148,7156
kapti l,Lithuanian,240,7157,7165
karas,Lithuanian,240,7166,7170
karbas,Lithuanian,240,7171,7179
karenti,Lithuanian,241,7180,7186
karpas,Lithuanian,241,7187,7191
karšatis,Lithuanian,241,7192,7196
karšė,Lithuanian,241,7197,7201
karšėti,Lithuanian,241,7202,7206
karšinti,Lithuanian,241,7207,7213
karšis,Lithuanian,242,7214,7218
karštas,Lithuanian,242,7219,7223
karšti l,Lithuanian,242,7224,7236
karšti III,Lithuanian,243,7237,7241
karta,Lithuanian,243,7242,7246
kartas,Lithuanian,243,7247,7251
karti I,Lithuanian,243,7252,7256
karti II,Lithuanian,243,7257,7261
kartus,Lithuanian,243,7262,7274
karvė,Lithuanian,244,7275,7288
kas,Lithuanian,244,7289,7299
kasa,Lithuanian,244,7300,7315
kasyti,Lithuanian,245,7316,7320
kasti,Lithuanian,245,7321,7325
kąsti,Lithuanian,245,7326,7334
katras,Lithuanian,246,7335,7343
kaukas l,Lithuanian,246,7344,7353
kaukas 11,Lithuanian,246,7354,7367
kaukolė,Lithuanian,247,7368,7372
kaulas,Lithuanian,247,7373,7377
kaupas,Lithuanian,247,7378,7384
kaupti,Lithuanian,247,7385,7391
kaušas,Lithuanian,248,7392,7400
kauti,Lithuanian,248,7401,7411
keikti,Lithuanian,248,7412,7419
kekšis,Lithuanian,249,7420,7424
kelėnas,Lithuanian,249,7425,7429
kelias,Lithuanian,249,7430,7434
kelis,Lithuanian,249,7435,7439
kelmas,Lithuanian,249,7440,7448
kelti,Lithuanian,250,7449,7456
kembras,Lithuanian,250,7457,7462
kemeras,Lithuanian,250,7463,7471
kengė,Lithuanian,250,7472,7484
kengras,Lithuanian,251,7485,7489
kenklė,Lithuanian,251,7490,7494
kenkti,Lithuanian,251,7495,7501
kentėti,Lithuanian,251,7502,7506
kepti,Lithuanian,251,7507,7517
kėrai,Lithuanian,252,7518,7527
keras,Lithuanian,252,7528,7541
kerdžius,Lithuanian,252,7542,7556
kerėti,Lithuanian,253,7557,7561
kermušė,Lithuanian,253,7562,7572
kerslas,Lithuanian,254,7573,7583
keršas,Lithuanian,254,7584,7589
kerštas,Lithuanian,254,7590,7595
kerti,Lithuanian,254,7596,7603
kęsti,Lithuanian,255,7604,7612
keturi,Lithuanian,255,7613,7624
ketveri,Lithuanian,255,7625,7633
ketvirtas,Lithuanian,255,7634,7649
kevalas,Lithuanian,256,7650,7656
kevatas,Lithuanian,256,7657,7662
kiauklas,Lithuanian,256,7663,7668
kiaukutas,Lithuanian,256,7669,7674
kiaunė,Lithuanian,256,7675,7687
kiauras,Lithuanian,257,7688,7696
kiaušas,Lithuanian,257,7697,7704
kiaušinis,Lithuanian,257,7705,7710
kiautas,Lithuanian,257,7711,7719
kiemas,Lithuanian,257,7720,7737
kilbas,Lithuanian,258,7738,7742
kilmė,Lithuanian,258,7743,7747
kilti,Lithuanian,258,7748,7752
kiltis,Lithuanian,258,7753,7757
kimšti,Lithuanian,258,7758,7762
kinka,Lithuanian,258,7763,7774
kirba,Lithuanian,259,7775,7781
kirinti,Lithuanian,259,7782,7786
kirkšnis,Lithuanian,259,7787,7797
kirmis,Lithuanian,260,7798,7811
kirna,Lithuanian,260,7812,7820
kirpti,Lithuanian,260,7821,7836
kirsnas,Lithuanian,261,7837,7847
kirstas,Lithuanian,261,7848,7857
kirsti,Lithuanian,261,7858,7873
kiršlys,Lithuanian,262,7874,7879
kiršti,Lithuanian,262,7880,7885
kirvis,Lithuanian,262,7886,7896
kiška,Lithuanian,262,7897,7903
kiurti,Lithuanian,262,7904,7911
klausyti,Lithuanian,263,7912,7918
klausti,Lithuanian,263,7919,7923
klėbys,Lithuanian,263,7924,7933
klėbti,Lithuanian,264,7934,7939
kleivas,Lithuanian,264,7940,7946
klenkti,Lithuanian,264,7947,7955
klėtis,Lithuanian,264,7956,7970
kliauti,Lithuanian,265,7971,7977
kliegti,Lithuanian,265,7978,7984
klykoti,Lithuanian,265,7985,7994
klykti,Lithuanian,265,7995,8001
klišė,Lithuanian,265,8002,8012
kliūti,Lithuanian,266,8013,8017
klyvas,Lithuanian,266,8018,8022
kloti,Lithuanian,266,8023,8031
knoti,Lithuanian,267,8032,8036
koks,Lithuanian,267,8037,8041
kopa,Lithuanian,267,8042,8046
kopti l,Lithuanian,267,8047,8051
kopti 11,Lithuanian,267,8052,8061
korys,Lithuanian,268,8062,8069
kosėti,Lithuanian,268,8070,8079
kosulys,Lithuanian,268,8080,8091
kova,Lithuanian,268,8092,8100
kratus,Lithuanian,269,8101,8105
kratyti,Lithuanian,269,8106,8110
kraujas,Lithuanian,269,8111,8117
kraupus,Lithuanian,269,8118,8124
krauti,Lithuanian,270,8125,8136
kreisva,Lithuanian,270,8137,8142
kreivas,Lithuanian,270,8143,8160
krėslas,Lithuanian,271,8161,8165
krėsti,Lithuanian,271,8166,8172
kretėti,Lithuanian,271,8173,8177
kriauklas,Lithuanian,271,8178,8184
kriauklė,Lithuanian,272,8185,8189
kriauklys,Lithuanian,272,8190,8198
krienas,Lithuanian,272,8199,8208
krieti,Lithuanian,272,8209,8222
krijas,Lithuanian,273,8223,8229
krykti,Lithuanian,273,8230,8238
kriokti,Lithuanian,273,8239,8245
kristi,Lithuanian,273,8246,8254
krytis,Lithuanian,274,8255,8259
krokoti,Lithuanian,274,8260,8269
krosnis,Lithuanian,274,8270,8274
krūmas,Lithuanian,274,8275,8281
kruša,Lithuanian,275,8282,8295
krušti,Lithuanian,275,8296,8301
krūtis,Lithuanian,275,8302,8306
kruvinas,Lithuanian,275,8307,8319
kūjis,Lithuanian,275,8320,8332
kūl a,Lithuanian,276,8333,8345
kulkšnis,Lithuanian,276,8346,8357
kulnas,Lithuanian,277,8358,8365
kulšis,Lithuanian,277,8366,8371
kulti,Lithuanian,277,8372,8378
kompas,Lithuanian,277,8379,8385
kumpti,Lithuanian,277,8386,8392
kuolas,Lithuanian,277,8393,8404
kuopa,Lithuanian,278,8405,8411
kuopti,Lithuanian,278,8412,8416
kūpėti,Lithuanian,278,8417,8429
kupra,Lithuanian,279,8430,8437
kur,Lithuanian,279,8438,8449
kurčias,Lithuanian,279,8450,8455
kurlas,Lithuanian,279,8456,8462
kurmis,Lithuanian,279,8463,8473
kurpė,Lithuanian,280,8474,8487
kurti,Lithuanian,280,8488,8501
kusti,Lithuanian,281,8502,8507
kušlas,Lithuanian,281,8508,8517
kutas,Lithuanian,281,8518,8523
kutėti,Lithuanian,281,8524,8533
kvapas,Lithuanian,282,8534,8545
kvėpti,Lithuanian,282,8546,8554
laibas,Lithuanian,282,8555,8569
laigyti,Lithuanian,283,8570,8576
laikas,Lithuanian,283,8577,8585
laikyti,Lithuanian,283,8586,8596
laikšės,Lithuanian,283,8597,8602
laimė,Lithuanian,283,8603,8613
laimingas,Lithuanian,284,8614,8620
laimus,Lithuanian,284,8621,8627
laipnas,Lithuanian,284,8628,8634
laiptas,Lithuanian,284,8635,8640
laisvas,Lithuanian,284,8641,8646
laiškas,Lithuanian,284,8647,8660
laižyti,Lithuanian,285,8661,8667
lakti,Lithuanian,285,8668,8679
lamas,Lithuanian,285,8680,8693
laminti,Lithuanian,286,8694,8702
landžioti,Lithuanian,286,8703,8709
lanka,Lithuanian,286,8710,8718
lankas,Lithuanian,287,8719,8730
lankyti,Lithuanian,287,8731,8739
lapas,Lithuanian,287,8740,8751
lapė,Lithuanian,288,8752,8762
lasyti,Lithuanian,288,8763,8769
ląsta,Lithuanian,288,8770,8776
lašas,Lithuanian,288,8777,8783
lašiša,Lithuanian,288,8784,8795
laukas l,Lithuanian,289,8796,8807
laukas 11,Lithuanian,289,8808,8814
laukėti,Lithuanian,289,8815,8821
laukti,Lithuanian,289,8822,8831
laupai,Lithuanian,290,8832,8838
laupyti,Lithuanian,290,8839,8846
laužas,Lithuanian,290,8847,8853
laužti,Lithuanian,290,8854,8866
lazda,Lithuanian,290,8867,8879
ledas,Lithuanian,291,8880,8891
leisti,Lithuanian,291,8892,8904
lėkti,Lithuanian,292,8905,8916
lemežis,Lithuanian,292,8917,8925
lemti,Lithuanian,292,8926,8938
lėnas,Lithuanian,293,8939,8953
l engė,Lithuanian,293,8954,8969
lengvas,Lithuanian,294,8970,8981
lenkė,Lithuanian,294,8982,8987
lenkti,Lithuanian,294,8988,8999
lenta,Lithuanian,294,9000,9015
lėpė,Lithuanian,295,9016,9022
lesti,Lithuanian,295,9023,9033
lėtas,Lithuanian,295,9034,9040
liaudis,Lithuanian,295,9041,9054
liauka,Lithuanian,296,9055,9063
liaunas,Lithuanian,296,9064,9070
liaupsė,Lithuanian,296,9071,9081
liauti,Lithuanian,296,9082,9096
liegti,Lithuanian,297,9097,9105
liekas,Lithuanian,297,9106,9114
lieknas,Lithuanian,297,9115,9123
lieptas,Lithuanian,298,9124,9129
liepti,Lithuanian,298,9130,9136
liesas,Lithuanian,298,9137,9143
lieti,Lithuanian,298,9144,9160
lietus,Lithuanian,299,9161,9167
liežti,Lithuanian,299,9168,9178
liežuvis,Lithuanian,299,9179,9192
lig,Lithuanian,299,9193,9199
lyg,Lithuanian,299,9200,9208
liga,Lithuanian,300,9209,9219
lyginti,Lithuanian,300,9220,9227
ligoti,Lithuanian,300,9228,9234
lygti,Lithuanian,300,9235,9241
lygus,Lithuanian,300,9242,9255
likti,Lithuanian,301,9256,9267
limti,Lithuanian,301,9268,9274
linas,Lithuanian,301,9275,9287
linka,Lithuanian,301,9288,9295
linkti,Lithuanian,302,9296,9302
lipai,Lithuanian,302,9303,9309
lipnus,Lithuanian,302,9310,9316
lipti l,Lithuanian,302,9317,9329
lipti 11,Lithuanian,302,9330,9336
lysė,Lithuanian,302,9337,9351
lįsti,Lithuanian,303,9352,9360
lyti,Lithuanian,303,9361,9365
lytus,Lithuanian,303,9366,9372
liūdnas,Lithuanian,303,9373,9385
liūgas,Lithuanian,304,9386,9397
lizdas,Lithuanian,304,9398,9413
lokys,Lithuanian,305,9414,9421
lokšnus,Lithuanian,305,9422,9434
loma,Lithuanian,306,9435,9444
l opa,Lithuanian,306,9445,9462
lopas,Lithuanian,307,9463,9469
lopė,Lithuanian,307,9470,9479
lopeta,Lithuanian,307,9480,9488
loti,Lithuanian,307,9489,9500
luba,Lithuanian,308,9501,9512
luginas,Lithuanian,308,9513,9518
luginti,Lithuanian,308,9519,9522
lugnas,Lithuanian,308,9523,9530
lūgnė,Lithuanian,309,9531,9540
lūgoti,Lithuanian,309,9541,9552
luknas,Lithuanian,309,9553,9561
lūkoti,Lithuanian,310,9562,9568
lankas,Lithuanian,310,9569,9580
luoba,Lithuanian,310,9581,9587
luobas,Lithuanian,310,9588,9605
luomas,Lithuanian,311,9606,9611
lupena,Lithuanian,311,9612,9617
lupti,Lithuanian,311,9618,9624
lūšis,Lithuanian,311,9625,9634
lūžti,Lithuanian,311,9635,9643
magėti,Lithuanian,311,9644,9659
maigyti,Lithuanian,312,9660,9664
mainas,Lithuanian,312,9665,9680
mainyti,Lithuanian,313,9681,9690
maišas,Lithuanian,313,9691,9708
maišyti,Lithuanian,314,9709,9719
maita,Lithuanian,314,9720,9726
maitinti,Lithuanian,314,9727,9733
maitoti,Lithuanian,314,9734,9745
makas,Lithuanian,315,9746,9757
makna,Lithuanian,315,9758,9769
makšna,Lithuanian,315,9770,9785
makšna,Lithuanian,316,9786,9792
malda,Lithuanian,316,9793,9802
maldyti,Lithuanian,316,9803,9815
malti,Lithuanian,316,9816,9830
malūnas,Lithuanian,317,9831,9837
man,Lithuanian,317,9838,9850
mandras,Lithuanian,317,9851,9865
mane,Lithuanian,318,9866,9880
manęs,Lithuanian,318,9881,9897
manyti,Lithuanian,318,9898,9906
mankyti,Lithuanian,319,9907,9919
maras,Lithuanian,319,9920,9931
marios,Lithuanian,319,9932,9941
marka,Lithuanian,319,9942,9948
marška,Lithuanian,319,9949,9955
marti,Lithuanian,319,9956,9964
mašalas,Lithuanian,319,9965,9973
matas,Lithuanian,321,9974,9980
matyti,Lithuanian,321,9981,9989
matrus,Lithuanian,321,9990,9995
maudyti,Lithuanian,321,9996,10008
maukti,Lithuanian,322,10009,10015
mauti,Lithuanian,322,10016,10022
mazgas,Lithuanian,322,10023,10033
mazgoti,Lithuanian,322,10034,10042
medis,Lithuanian,322,10043,10050
medus,Lithuanian,323,10051,10064
medžias,Lithuanian,323,10065,10078
mėginti,Lithuanian,323,10079,10087
mėgti,Lithuanian,324,10088,10094
megzti,Lithuanian,324,10095,10101
meilė,Lithuanian,324,10102,10107
meitėlis,Lithuanian,324,10108,10114
mėlas,Lithuanian,324,10115,10121
mėlynas,Lithuanian,324,10122,10127
melsti,Lithuanian,324,10128,10133
melžti,Lithuanian,324,10134,10144
menkas,Lithuanian,325,10145,10152
mentė,Lithuanian,325,10153,10162
menturis,Lithuanian,325,10163,10169
mėnuo,Lithuanian,325,10170,10186
merga,Lithuanian,326,10187,10191
merkti l,Lithuanian,326,10192,10202
merkti 11,Lithuanian,326,10203,10208
mėsa,Lithuanian,326,10209,10228
mesti,Lithuanian,327,10229,10245
męsti,Lithuanian,328,10246,10256
metas,Lithuanian,328,10257,10264
mėtyti,Lithuanian,328,10265,10270
mėžti,Lithuanian,328,10271,10282
miegas,Lithuanian,329,10283,10295
miegoti,Lithuanian,329,10296,10309
miegti,Lithuanian,330,10310,10318
mielas,Lithuanian,330,10319,10331
mieras,Lithuanian,330,10332,10347
miešti,Lithuanian,331,10348,10353
migla,Lithuanian,331,10354,10368
migti,Lithuanian,331,10369,10377
mygti,Lithuanian,332,10378,10383
miltai,Lithuanian,332,10384,10391
minėti,Lithuanian,332,10392,10403
minkyti,Lithuanian,332,10404,10419
minkštas,Lithuanian,333,10420,10429
minti l,Lithuanian,333,10430,10439
minti 11,Lithuanian,333,10440,10446
mintis,Lithuanian,333,10447,10462
mirgėti,Lithuanian,334,10463,10474
mirksėti,Lithuanian,334,10475,10489
miršti,Lithuanian,334,10490,10500
mirti,Lithuanian,335,10501,10514
mirtis,Lithuanian,335,10515,10526
misti,Lithuanian,335,10527,10539
mitinti,Lithuanian,336,10540,10544
m yžti,Lithuanian,336,10545,10556
mokėti,Lithuanian,336,10557,10565
mokinti,Lithuanian,336,10566,10575
mokyti,Lithuanian,337,10576,10582
monyti,Lithuanian,337,10583,10592
mosuoti,Lithuanian,337,10593,10600
motė,Lithuanian,337,10601,10615
moti,Lithuanian,338,10616,10634
mudrus,Lithuanian,339,10635,10641
mukti,Lithuanian,339,10642,10655
mundras,Lithuanian,339,10656,10662
murmėti,Lithuanian,339,10663,10679
mūsai,Lithuanian,340,10680,10684
musė,Lithuanian,340,10685,10697
mušti,Lithuanian,340,10698,10709
naga,Lithuanian,341,10710,10724
nagas,Lithuanian,341,10725,10731
nagu tis,Lithuanian,341,10732,10741
naktis,Lithuanian,341,10742,10756
namas,Lithuanian,342,10757,10769
naras,Lithuanian,342,10770,10779
narys,Lithuanian,343,10780,10786
narsas,Lithuanian,343,10787,10792
narštas,Lithuanian,343,10793,10805
nartas,Lithuanian,343,10806,10814
nasrai,Lithuanian,343,10815,10826
našlys,Lithuanian,344,10827,10832
nauda,Lithuanian,344,10833,10839
naujas,Lithuanian,344,10840,10854
expected development of,Lithuanian,345,10855,10857
ne,Lithuanian,345,10858,10872
nė,Lithuanian,345,10873,10885
negi,Lithuanian,345,10886,10893
nei,Lithuanian,345,10894,10910
nendrė,Lithuanian,346,10911,10918
neptė,Lithuanian,346,10919,10931
nepuotis,Lithuanian,346,10932,10940
nerštas,Lithuanian,347,10941,10952
neršti,Lithuanian,347,10953,10959
nertėti,Lithuanian,347,10960,10966
nerti l,Lithuanian,347,10967,10977
nerti 11,Lithuanian,348,10978,10986
nešti,Lithuanian,348,10987,10994
niausti,Lithuanian,348,10995,11002
niedėti,Lithuanian,348,11003,11014
nykštys,Lithuanian,349,11015,11022
nirsti,Lithuanian,349,11023,11027
niršti,Lithuanian,349,11028,11033
nytis,Lithuanian,349,11034,11048
nokti,Lithuanian,350,11049,11057
noras,Lithuanian,350,11058,11063
norėti,Lithuanian,350,11064,11071
nosis,Lithuanian,350,11072,11089
notrė,Lithuanian,351,11090,11097
novė,Lithuanian,351,11098,11108
novyti,Lithuanian,351,11109,11121
nubliekti,Lithuanian,352,11122,11131
nūn,Lithuanian,352,11132,11142
nuo,Lithuanian,352,11143,11154
nuogas,Lithuanian,353,11155,11168
o,Lithuanian,353,11169,11181
obelis,Lithuanian,353,11182,11193
obuolys,Lithuanian,353,11194,11208
oras,Lithuanian,354,11209,11215
otrus,Lithuanian,354,11216,11223
ovyje,Lithuanian,354,11224,11237
o vytis,Lithuanian,355,11238,11246
ožinis,Lithuanian,355,11247,11258
ožys,Lithuanian,356,11259,11271
padas,Lithuanian,356,11272,11281
paišai,Lithuanian,356,11282,11287
palšas,Lithuanian,356,11288,11299
palvas,Lithuanian,357,11300,11311
pampa,Lithuanian,357,11312,11321
pampti,Lithuanian,357,11322,11330
pantis,Lithuanian,358,11331,11340
papartis,Lithuanian,358,11341,11348
paršas,Lithuanian,358,11349,11359
pas,Lithuanian,358,11360,11374
pasigesti,Lithuanian,359,11375,11384
pašalas,Lithuanian,359,11385,11391
pašlitas,Lithuanian,359,11392,11397
patalas,Lithuanian,359,11398,11408
pati,Lithuanian,359,11409,11420
patogus,Lithuanian,360,11421,11427
patsl,Lithuanian,360,11428,11434
pats 11,Lithuanian,360,11435,11441
paūdrė,Lithuanian,360,11442,11451
pažastis,Lithuanian,361,11452,11459
pažinti,Lithuanian,361,11460,11466
pėda,Lithuanian,361,11467,11478
pėduoti,Lithuanian,361,11479,11485
pekus,Lithuanian,361,11486,11498
pelė,Lithuanian,362,11499,11506
pelenai,Lithuanian,362,11507,11521
pelėsis,Lithuanian,363,11522,11530
pelkė,Lithuanian,363,11531,11543
pelnas,Lithuanian,364,11544,11556
pelūs,Lithuanian,364,11557,11569
penas,Lithuanian,364,11570,11579
penėti,Lithuanian,365,11580,11586
penki,Lithuanian,365,11587,11599
penktas,Lithuanian,365,11600,11613
pentis,Lithuanian,365,11614,11628
per,Lithuanian,366,11629,11639
p ergas,Lithuanian,366,11640,11648
pernai,Lithuanian,366,11649,11656
perti,Lithuanian,366,11657,11670
pėsčias,Lithuanian,367,11671,11678
pešti,Lithuanian,367,11679,11687
piemuo,Lithuanian,367,11688,11697
pienas,Lithuanian,367,11698,11709
piesta,Lithuanian,368,11710,11722
piešti,Lithuanian,368,11723,11733
pietūs,Lithuanian,368,11734,11742
pieva,Lithuanian,368,11743,11753
pikis,Lithuanian,369,11754,11764
piktas,Lithuanian,369,11765,11771
pykti,Lithuanian,369,11772,11778
pikulas,Lithuanian,369,11779,11789
pilis,Lithuanian,370,11790,11795
pilkas,Lithuanian,370,11796,11801
pilnas,Lithuanian,370,11802,11812
pinti,Lithuanian,370,11813,11824
pirkšnys,Lithuanian,371,11825,11835
pirkti,Lithuanian,371,11836,11842
pirmadėlė,Lithuanian,371,11843,11848
pirmadėlys,Lithuanian,371,11849,11855
pirmas,Lithuanian,371,11856,11873
piršys,Lithuanian,372,11874,11883
pirštas,Lithuanian,372,11884,11899
pirtis,Lithuanian,372,11900,11912
pisti,Lithuanian,373,11913,11924
pyškėti,Lithuanian,373,11925,11933
pyti,Lithuanian,373,11934,11945
pjaulas,Lithuanian,374,11946,11954
pjauti,Lithuanian,374,11955,11965
pjova,Lithuanian,374,11966,11972
pjūklas,Lithuanian,374,11973,11979
pjūtis,Lithuanian,374,11980,11987
plakanas,Lithuanian,375,11988,11997
plakti,Lithuanian,375,11998,12004
plaštaka,Lithuanian,375,12005,12014
platus,Lithuanian,376,12015,12023
plaučiai,Lithuanian,376,12024,12034
plaukas,Lithuanian,376,12035,12045
plaukti,Lithuanian,377,12046,12053
plaustas,Lithuanian,377,12054,12060
plausti,Lithuanian,377,12061,12069
plaušai,Lithuanian,377,12070,12079
plautas,Lithuanian,377,12080,12093
plauti,Lithuanian,378,12094,12105
plėkai,Lithuanian,379,12106,12112
plėnė,Lithuanian,379,12113,12127
plėnis,Lithuanian,379,12128,12134
plėti,Lithuanian,379,12135,12141
plėvė,Lithuanian,380,12142,12152
pliauska,Lithuanian,380,12153,12162
plikas,Lithuanian,380,12163,12178
pliuskė,Lithuanian,381,12179,12184
plokščias,Lithuanian,381,12185,12191
plonas l,Lithuanian,381,12192,12200
plonas 11,Lithuanian,381,12201,12210
ploti,Lithuanian,381,12211,12217
plunksna,Lithuanian,381,12218,12228
pluskos,Lithuanian,382,12229,12235
plūsti,Lithuanian,382,12236,12241
plūšas,Lithuanian,382,12242,12247
plūti,Lithuanian,382,12248,12258
po,Lithuanian,382,12259,12275
pra,Lithuanian,383,12276,12286
pragaras,Lithuanian,383,12287,12293
prakaitas,Lithuanian,383,12294,12300
prasti,Lithuanian,383,12301,12311
prašyti,Lithuanian,383,12312,12323
prausti,Lithuanian,384,12324,12333
prekė,Lithuanian,384,12334,12340
prėskas,Lithuanian,384,12341,12353
prie,Lithuanian,385,12354,12367
priedas,Lithuanian,385,12368,12377
protas,Lithuanian,385,12378,12387
pūliai,Lithuanian,386,12388,12396
pulti,Lithuanian,386,12397,12407
puodas,Lithuanian,386,12408,12418
pūrai,Lithuanian,386,12419,12434
pūras,Lithuanian,387,12435,12443
pūslė,Lithuanian,387,12444,12450
pusti,Lithuanian,387,12451,12456
pūsti,Lithuanian,387,12457,12466
pušis,Lithuanian,387,12467,12477
putė,Lithuanian,388,12478,12489
pūti,Lithuanian,388,12490,12497
puvėsis,Lithuanian,388,12498,12506
ragas,Lithuanian,388,12507,12521
raišas,Lithuanian,389,12522,12529
raišyti,Lithuanian,389,12530,12537
raišti,Lithuanian,389,12538,12543
rangyti,Lithuanian,389,12544,12554
ranka,Lithuanian,390,12555,12569
rasa,Lithuanian,390,12570,12582
ratas,Lithuanian,390,12583,12590
raudas,Lithuanian,390,12591,12608
raudoti,Lithuanian,391,12609,12617
raugas,Lithuanian,391,12618,12624
raugėti,Lithuanian,391,12625,12635
raugti,Lithuanian,392,12636,12642
raupai,Lithuanian,392,12643,12652
raupti,Lithuanian,392,12653,12658
rausti,Lithuanian,392,12659,12665
rauti,Lithuanian,392,12666,12681
ravas,Lithuanian,393,12682,12692
ravėti,Lithuanian,393,12693,12702
razgai,Lithuanian,393,12703,12714
rąžytis,Lithuanian,394,12715,12721
regzti,Lithuanian,394,12722,12729
regztis,Lithuanian,394,12730,12738
reižti,Lithuanian,394,12739,12746
rezgis,Lithuanian,395,12747,12754
ręžti,Lithuanian,395,12755,12763
riekti,Lithuanian,395,12764,12773
riesti,Lithuanian,395,12774,12784
riešas,Lithuanian,396,12785,12792
riešutas,Lithuanian,396,12793,12797
rietas,Lithuanian,396,12798,12808
rieti,Lithuanian,396,12809,12817
rinda,Lithuanian,397,12818,12828
rinkti,Lithuanian,397,12829,12836
risti,Lithuanian,397,12837,12843
rišti,Lithuanian,397,12844,12857
rodyti,Lithuanian,397,12858,12870
rojoti,Lithuanian,398,12871,12880
rudas,Lithuanian,398,12881,12892
ruduo,Lithuanian,398,12893,12901
rūgti,Lithuanian,399,12902,12911
rumbas,Lithuanian,399,12912,12920
rupus,Lithuanian,399,12921,12931
saikas,Lithuanian,400,12932,12937
saitas,Lithuanian,400,12938,12950
saka,Lithuanian,400,12951,12958
sakai,Lithuanian,400,12959,12974
sakyti,Lithuanian,401,12975,12984
sala,Lithuanian,401,12985,12997
saldus,Lithuanian,401,12998,13011
salpas,Lithuanian,402,13012,13016
salti l,Lithuanian,402,13017,13022
salti 11,Lithuanian,402,13023,13028
sam,Lithuanian,402,13029,13043
samda,Lithuanian,403,13044,13052
sapnas,Lithuanian,403,13053,13062
sargas,Lithuanian,403,13063,13077
sargus,Lithuanian,404,13078,13083
saulė,Lithuanian,404,13084,13095
sausas,Lithuanian,404,13096,13113
sausinti,Lithuanian,405,13114,13123
sėdėti,Lithuanian,405,13124,13138
segti,Lithuanian,405,13139,13152
sėkla,Lithuanian,406,13153,13159
sekti l,Lithuanian,406,13160,13166
sekti 11,Lithuanian,406,13167,13176
sekti III,Lithuanian,406,13177,13183
selėti,Lithuanian,406,13184,13192
sėmuo,Lithuanian,407,13193,13204
senas,Lithuanian,407,13205,13215
septyni,Lithuanian,407,13216,13232
septintas,Lithuanian,408,13233,13243
sergėti,Lithuanian,408,13244,13255
sėsti,Lithuanian,409,13256,13266
sesuo,Lithuanian,409,13267,13278
sėti,Lithuanian,409,13279,13293
siauras,Lithuanian,410,13294,13302
siausti,Lithuanian,410,13303,13312
sidabras,Lithuanian,410,13313,13323
siekas,Lithuanian,410,13324,13334
siekti,Lithuanian,411,13335,13344
siela,Lithuanian,411,13345,13355
sietas,Lithuanian,411,13356,13366
sieti,Lithuanian,411,13367,13383
sijoti,Lithuanian,412,13384,13396
sintėti l,Lithuanian,412,13397,13406
sintėti 11,Lithuanian,412,13407,13412
sirgti,Lithuanian,413,13413,13420
siusti,Lithuanian,413,13421,13427
siųsti,Lithuanian,413,13428,13437
siūti,Lithuanian,414,13438,13449
skaidyti,Lithuanian,414,13450,13457
skaidrus,Lithuanian,414,13458,13466
skaistus,Lithuanian,415,13467,13471
skaityti,Lithuanian,415,13472,13483
skala,Lithuanian,415,13484,13490
skalnas,Lithuanian,415,13491,13496
skardis,Lithuanian,415,13497,13502
skardyti,Lithuanian,415,13503,13509
skelėti,Lithuanian,415,13510,13524
skelti,Lithuanian,416,13525,13535
skerbti l,Lithuanian,416,13536,13543
skerbti 11,Lithuanian,416,13544,13549
skėrys,Lithuanian,416,13550,13564
skersas,Lithuanian,417,13565,13574
skersti,Lithuanian,417,13575,13587
skiaurė,Lithuanian,418,13588,13592
skiesti,Lithuanian,418,13593,13597
skietas,Lithuanian,418,13598,13609
skilti l,Lithuanian,418,13610,13616
skilti 11,Lithuanian,418,13617,13623
skirbis,Lithuanian,418,13624,13638
skirbti l,Lithuanian,419,13639,13648
skirti,Lithuanian,419,13649,13656
skystas,Lithuanian,419,13657,13670
sklanda,Lithuanian,420,13671,13682
sklembti,Lithuanian,420,13683,13691
sklęsti,Lithuanian,420,13692,13698
skola,Lithuanian,420,13699,13704
skobas,Lithuanian,420,13705,13719
skobti,Lithuanian,421,13720,13730
skrabėti,Lithuanian,421,13731,13737
skrebėti,Lithuanian,421,13738,13746
skrebti,Lithuanian,421,13747,13756
skreplys,Lithuanian,422,13757,13764
skresti,Lithuanian,422,13765,13770
skriebti,Lithuanian,422,13771,13778
skribti,Lithuanian,422,13779,13788
skriesti,Lithuanian,423,13789,13794
skrieti,Lithuanian,423,13795,13806
skristi,Lithuanian,423,13807,13812
skritulys,Lithuanian,423,13813,13820
skrobti l,Lithuanian,423,13821,13832
skubus,Lithuanian,424,13833,13839
skuja,Lithuanian,424,13840,13853
skurbti,Lithuanian,424,13854,13869
skursti,Lithuanian,425,13870,13875
slabnas,Lithuanian,425,13876,13887
slanka,Lithuanian,425,13888,13901
slėgti,Lithuanian,426,13902,13906
slidus,Lithuanian,426,13907,13913
sliekas,Lithuanian,426,13914,13921
slinkti,Lithuanian,426,13922,13932
slysti,Lithuanian,427,13933,13942
sloga,Lithuanian,427,13943,13949
smagenys,Lithuanian,427,13950,13964
smakras,Lithuanian,427,13965,13977
smardas,Lithuanian,428,13978,13987
smegenys,Lithuanian,428,13988,13993
smėlys,Lithuanian,428,13994,14008
smirdėti,Lithuanian,429,14009,14021
smukti,Lithuanian,429,14022,14028
snapas,Lithuanian,429,14029,14035
snausti,Lithuanian,429,14036,14044
sniegas,Lithuanian,430,14045,14056
sniegė,Lithuanian,430,14057,14063
snigti,Lithuanian,430,14064,14072
sodas,Lithuanian,430,14073,14084
sodinti,Lithuanian,431,14085,14097
sodrus,Lithuanian,431,14098,14103
solymas,Lithuanian,431,14104,14110
sotus,Lithuanian,431,14111,14124
spagas,Lithuanian,432,14125,14130
spainė,Lithuanian,432,14131,14143
spalis,Lithuanian,432,14144,14153
sparnas,Lithuanian,433,14154,14166
spauda,Lithuanian,433,14167,14175
spausti,Lithuanian,433,14176,14186
spėkas,Lithuanian,433,14187,14201
spenys,Lithuanian,434,14202,14208
spęsti,Lithuanian,434,14209,14219
spėti,Lithuanian,434,14220,14234
spingėti,Lithuanian,435,14235,14240
spirginti,Lithuanian,435,14241,14247
spirgti,Lithuanian,435,14248,14263
spirti,Lithuanian,436,14264,14272
spjauti,Lithuanian,436,14273,14284
spragėti,Lithuanian,436,14285,14292
spręsti,Lithuanian,437,14293,14305
sprogti,Lithuanian,437,14306,14315
spurgas,Lithuanian,437,14316,14323
sraigė,Lithuanian,438,14324,14329
srauja,Lithuanian,438,14330,14340
sraumuo,Lithuanian,438,14341,14351
srava,Lithuanian,438,14352,14358
sravėti,Lithuanian,438,14359,14370
sreigti,Lithuanian,439,14371,14376
sriegas,Lithuanian,439,14377,14382
sriegti,Lithuanian,439,14383,14388
srigti,Lithuanian,439,14389,14394
srovė,Lithuanian,439,14395,14401
srūti,Lithuanian,439,14402,14407
srutos,Lithuanian,439,14408,14416
stagaras,Lithuanian,440,14417,14426
stalas,Lithuanian,440,14427,14438
stambas,Lithuanian,440,14439,14447
steigti,Lithuanian,440,14448,14463
stemberys,Lithuanian,441,14464,14470
stembti l,Lithuanian,441,14471,14476
stembti 11,Lithuanian,441,14477,14482
stenėti,Lithuanian,441,14483,14491
stengti,Lithuanian,441,14492,14501
stiegti,Lithuanian,442,14502,14507
stigti,Lithuanian,442,14508,14513
stygti,Lithuanian,442,14514,14521
stingti,Lithuanian,442,14522,14530
stirna,Lithuanian,442,14531,14549
stogas l,Lithuanian,443,14550,14556
stogas II,Lithuanian,443,14557,14562
stonas,Lithuanian,443,14563,14574
storas,Lithuanian,444,14575,14585
stoti,Lithuanian,444,14586,14599
stovėti,Lithuanian,444,14600,14612
strazdas,Lithuanian,445,14613,14625
streigti,Lithuanian,445,14626,14631
striegti,Lithuanian,445,14632,14638
strigti,Lithuanian,445,14639,14652
strujus,Lithuanian,446,14653,14662
stumbras,Lithuanian,446,14663,14676
stuomas,Lithuanian,447,14677,14686
stuomuo,Lithuanian,447,14687,14697
su,Lithuanian,448,14698,14703
sūdrus,Lithuanian,448,14704,14710
sula,Lithuanian,448,14711,14723
sūnus,Lithuanian,449,14724,14736
suodžiai,Lithuanian,449,14737,14749
suolas,Lithuanian,449,14750,14758
sūpoti,Lithuanian,450,14759,14768
supti,Lithuanian,450,14769,14778
sūras,Lithuanian,450,14779,14797
sūris,Lithuanian,451,14798,14810
svainis,Lithuanian,451,14811,14819
svečias,Lithuanian,451,14820,14832
sveikas,Lithuanian,452,14833,14839
svekas,Lithuanian,452,14840,14848
šaiva,Lithuanian,452,14849,14865
šaka,Lithuanian,453,14866,14880
šalna,Lithuanian,453,14881,14891
šaltas,Lithuanian,453,14892,14898
šalti,Lithuanian,453,14899,14911
šamas,Lithuanian,454,14912,14922
šapas,Lithuanian,454,14923,14931
šarka,Lithuanian,454,14932,14942
šarma,Lithuanian,454,14943,14953
šarmas,Lithuanian,455,14954,14961
šauti,Lithuanian,455,14962,14971
šeima,Lithuanian,455,14972,14984
šeimyna,Lithuanian,456,14985,14992
šeirys,Lithuanian,456,14993,15004
šėkas,Lithuanian,456,15005,15011
šelbtis,Lithuanian,456,15012,15017
šelpti,Lithuanian,456,15018,15027
šėmas,Lithuanian,457,15028,15036
šerdis,Lithuanian,457,15037,15050
šerys,Lithuanian,457,15051,15057
šerkšnas l,Lithuanian,457,15058,15075
šerkšnas 11,Lithuanian,458,15076,15085
šermenys,Lithuanian,458,15086,15092
šermukšnis,Lithuanian,458,15093,15106
šermuo,Lithuanian,459,15107,15112
šermuonėlis,Lithuanian,459,15113,15119
šernas,Lithuanian,459,15120,15125
šerti l,Lithuanian,459,15126,15134
šerti 11,Lithuanian,459,15135,15143
šeši,Lithuanian,460,15144,15160
šeštas,Lithuanian,460,15161,15174
šešuras,Lithuanian,460,15175,15188
šiaurė,Lithuanian,461,15189,15199
šiaurus,Lithuanian,461,15200,15205
šienas,Lithuanian,461,15206,15218
šilcti,Lithuanian,462,15219,15226
šiltas,Lithuanian,462,15227,15233
šilti,Lithuanian,462,15234,15238
šimtas,Lithuanian,462,15239,15252
širdis,Lithuanian,462,15253,15270
širkšnas l,Lithuanian,463,15271,15276
širkšnas 11,Lithuanian,463,15277,15282
širmas,Lithuanian,463,15283,15289
širsti,Lithuanian,463,15290,15295
širšuo,Lithuanian,463,15296,15311
širtva,Lithuanian,464,15312,15317
širvas,Lithuanian,464,15318,15323
šis,Lithuanian,464,15324,15338
šiurkštus,Lithuanian,465,15339,15348
šyvas,Lithuanian,465,15349,15361
šlaitas,Lithuanian,465,15362,15367
šlajos,Lithuanian,465,15368,15374
šlakas,Lithuanian,465,15375,15383
šlaunis,Lithuanian,466,15384,15390
šlavė,Lithuanian,466,15391,15402
šleivas,Lithuanian,466,15403,15408
šlieti,Lithuanian,466,15409,15421
šlyti,Lithuanian,467,15422,15427
šlitis,Lithuanian,467,15428,15433
šlyvas,Lithuanian,467,15434,15439
šlovė,Lithuanian,467,15440,15449
šluota,Lithuanian,467,15450,15456
šluoti,Lithuanian,467,15457,15470
šmulas,Lithuanian,468,15471,15478
šokti,Lithuanian,468,15479,15487
š o na,Lithuanian,468,15488,15500
šonkaulis,Lithuanian,468,15501,15507
šulas,Lithuanian,468,15508,15523
šuo,Lithuanian,469,15524,15532
švašva,Lithuanian,469,15533,15548
šventas,Lithuanian,470,15549,15562
šviesti,Lithuanian,470,15563,15568
švitėti,Lithuanian,470,15569,15583
takas,Lithuanian,471,15584,15597
taldyti,Lithuanian,471,15598,15607
talka,Lithuanian,471,15608,15622
talžyti,Lithuanian,472,15623,15629
tamsus,Lithuanian,472,15630,15641
tanas,Lithuanian,472,15642,15647
tandus,Lithuanian,472,15648,15653
tarpa,Lithuanian,472,15654,15665
tarpti,Lithuanian,473,15666,15674
tas,Lithuanian,473,15675,15689
tašyti,Lithuanian,473,15690,15699
taukai,Lithuanian,473,15700,15717
taukinas,Lithuanian,474,15718,15727
tauras,Lithuanian,474,15728,15744
taurė,Lithuanian,474,15745,15751
taurus,Lithuanian,474,15752,15759
tausti,Lithuanian,475,15760,15767
tauta l,Lithuanian,475,15768,15778
tauta 11,Lithuanian,475,15779,15792
te,Lithuanian,476,15793,15802
tekėti,Lithuanian,476,15803,15816
tekti,Lithuanian,476,15817,15827
telkti,Lithuanian,477,15828,15839
telžti l,Lithuanian,477,15840,15846
telžti 11,Lithuanian,477,15847,15857
tempti,Lithuanian,477,15858,15864
temti,Lithuanian,477,15865,15872
tenėti,Lithuanian,478,15873,15878
tepti,Lithuanian,478,15879,15888
tęsti,Lithuanian,478,15889,15898
tėvas,Lithuanian,478,15899,15906
tęvas,Lithuanian,478,15907,15920
tikėti,Lithuanian,479,15921,15927
tikras,Lithuanian,479,15928,15935
tikti,Lithuanian,479,15936,15942
tilės,Lithuanian,479,15943,15957
tylėti,Lithuanian,480,15958,15963
tiltas,Lithuanian,480,15964,15973
tilti,Lithuanian,480,15974,15981
tingėti,Lithuanian,480,15982,15992
tingti,Lithuanian,480,15993,15998
tingus,Lithuanian,480,15999,16014
tinklas,Lithuanian,481,16015,16027
tinti l,Lithuanian,481,16028,16039
tinti 11,Lithuanian,481,16040,16052
tirti,Lithuanian,482,16053,16064
toks,Lithuanian,482,16065,16076
tranas,Lithuanian,482,16077,16089
trandis,Lithuanian,483,16090,16095
trandys,Lithuanian,483,16096,16105
trapinėti,Lithuanian,483,16106,16116
trečias,Lithuanian,484,16117,16134
tremti,Lithuanian,484,16135,16143
trenėti,Lithuanian,484,16144,16150
trepsėti,Lithuanian,484,16151,16163
tridė,Lithuanian,485,16164,16169
triesti,Lithuanian,485,16170,16176
trynė,Lithuanian,485,16177,16181
trinti,Lithuanian,485,16182,16190
trys,Lithuanian,485,16191,16204
trysti,Lithuanian,485,16205,16210
triūsas,Lithuanian,485,16211,16221
triūšis,Lithuanian,486,16222,16230
troba,Lithuanian,486,16231,16240
trūnėti,Lithuanian,487,16241,16249
trupėti,Lithuanian,487,16250,16258
tu,Lithuanian,487,16259,16271
tūkstantis,Lithuanian,487,16272,16284
tukti,Lithuanian,488,16285,16291
tūlas,Lithuanian,488,16292,16301
tulžis,Lithuanian,488,16302,16317
tulžti,Lithuanian,489,16318,16324
turėti,Lithuanian,489,16325,16332
tuščias,Lithuanian,489,16333,16350
tušnas,Lithuanian,490,16351,16356
tvaras,Lithuanian,490,16357,16368
tverti,Lithuanian,490,16369,16377
tvirtas,Lithuanian,490,16378,16390
tvora,Lithuanian,491,16391,16402
ūdra,Lithuanian,491,16403,16416
ūdroti,Lithuanian,491,16417,16422
ūgis,Lithuanian,491,16423,16430
ugnis,Lithuanian,492,16431,16444
ūksmė,Lithuanian,492,16445,16451
ūksnė,Lithuanian,492,16452,16459
ulbuoti,Lithuanian,493,16460,16467
ungurys,Lithuanian,493,16468,16480
unksmė,Lithuanian,493,16481,16486
unksnė,Lithuanian,493,16487,16498
uodas,Lithuanian,494,16499,16505
uoga,Lithuanian,494,16506,16518
uoksas,Lithuanian,494,16519,16529
uola,Lithuanian,495,16530,16534
uolektis,Lithuanian,495,16535,16542
uosis,Lithuanian,495,16543,16555
uostas,Lithuanian,495,16556,16571
uosti,Lithuanian,496,16572,16584
uostyti,Lithuanian,496,16585,16591
uošvė,Lithuanian,496,16592,16598
uošvis,Lithuanian,496,16599,16611
upė,Lithuanian,497,16612,16621
urvas,Lithuanian,497,16622,16629
ušios,Lithuanian,497,16630,16634
ūšra,Lithuanian,497,16635,16644
ūšti,Lithuanian,498,16645,16652
vadyti,Lithuanian,498,16653,16663
vaikas,Lithuanian,498,16664,16676
vaisius,Lithuanian,499,16677,16685
vakar,Lithuanian,499,16686,16690
vakaras,Lithuanian,499,16691,16705
valas,Lithuanian,499,16706,16712
valdyti,Lithuanian,499,16713,16726
val g a,Lithuanian,500,16727,16740
valgyti,Lithuanian,500,16741,16756
valia,Lithuanian,501,16757,16770
valka,Lithuanian,501,16771,16777
valkas,Lithuanian,501,16778,16788
valtis,Lithuanian,501,16789,16803
vanduo,Lithuanian,502,16804,16819
vanga,Lithuanian,502,16820,16828
vapsva,Lithuanian,502,16829,16845
vardas,Lithuanian,503,16846,16856
vargas,Lithuanian,503,16857,16864
vargti,Lithuanian,503,16865,16871
vargus,Lithuanian,503,16872,16888
varmas,Lithuanian,504,16889,16898
varna,Lithuanian,504,16899,16914
varnas,Lithuanian,505,16915,16919
varpa,Lithuanian,505,16920,16924
varpyti,Lithuanian,505,16925,16930
varstas,Lithuanian,505,16931,16942
vartai,Lithuanian,505,16943,16956
vartyti,Lithuanian,506,16957,16969
varus,Lithuanian,506,16970,16975
varža,Lithuanian,506,16976,16986
vasara,Lithuanian,506,16987,17003
vąšas,Lithuanian,507,17004,17008
vaškas,Lithuanian,507,17009,17022
važioti,Lithuanian,507,17023,17036
vėdaras,Lithuanian,508,17037,17048
veidas,Lithuanian,508,17049,17061
veikti,Lithuanian,508,17062,17073
veikus,Lithuanian,509,17074,17080
veisti,Lithuanian,509,17081,17089
veizdėti,Lithuanian,509,17090,17103
vėjas,Lithuanian,510,17104,17112
veldėti,Lithuanian,510,17113,17119
vėlė,Lithuanian,510,17120,17130
velnias,Lithuanian,510,17131,17137
velti l,Lithuanian,510,17138,17151
velti 11,Lithuanian,511,17152,17160
vemti,Lithuanian,511,17161,17169
vergas,Lithuanian,511,17170,17176
verkti,Lithuanian,511,17177,17186
verpti,Lithuanian,511,17187,17199
versti,Lithuanian,512,17200,17207
veršis,Lithuanian,512,17208,17216
verti,Lithuanian,512,17217,17226
veržti,Lithuanian,512,17227,17241
vesti,Lithuanian,513,17242,17251
vėsus,Lithuanian,513,17252,17258
vėti,Lithuanian,513,17259,17270
vėtra,Lithuanian,513,17271,17283
vetušas,Lithuanian,514,17284,17293
vežti,Lithuanian,514,17294,17302
vidus,Lithuanian,514,17303,17313
viekas,Lithuanian,515,17314,17325
vienas,Lithuanian,515,17326,17338
viesulas,Lithuanian,515,17339,17349
viešpati,Lithuanian,516,17350,17359
viešpats,Lithuanian,516,17360,17369
vieta,Lithuanian,516,17370,17374
vikrus,Lithuanian,516,17375,17380
vykti,Lithuanian,516,17381,17389
vilgšnas,Lithuanian,517,17390,17402
vilgti,Lithuanian,517,17403,17409
vilkas,Lithuanian,517,17410,17422
vilkė,Lithuanian,517,17423,17437
vilkti,Lithuanian,518,17438,17449
vilna,Lithuanian,518,17450,17460
vilnis,Lithuanian,518,17461,17473
vilpišys,Lithuanian,519,17474,17483
viras,Lithuanian,519,17484,17491
vyras,Lithuanian,519,17492,17500
virbas,Lithuanian,519,17501,17511
vyris,Lithuanian,519,17512,17522
virpėti,Lithuanian,520,17523,17529
virpti,Lithuanian,520,17530,17539
virsti,Lithuanian,520,17540,17549
viršus,Lithuanian,520,17550,17559
virti,Lithuanian,520,17560,17576
viržis,Lithuanian,521,17577,17586
visas,Lithuanian,521,17587,17601
visti,Lithuanian,522,17602,17607
vytil,Lithuanian,522,17608,17615
vyti 11,Lithuanian,522,17616,17627
vytis,Lithuanian,522,17628,17638
vizga,Lithuanian,522,17639,17647
vokas,Lithuanian,523,17648,17661
volė,Lithuanian,523,17662,17669
volungė,Lithuanian,523,17670,17687
vos,Lithuanian,524,17688,17697
votis,Lithuanian,524,17698,17702
voverė,Lithuanian,524,17703,17720
žala,Lithuanian,525,17721,17734
žalas,Lithuanian,525,17735,17741
žalga,Lithuanian,525,17742,17746
žalias,Lithuanian,525,17747,17762
žambas,Lithuanian,526,17763,17775
žandas,Lithuanian,526,17776,17785
žaras,Lithuanian,526,17786,17796
žardas,Lithuanian,527,17797,17809
žardis,Lithuanian,527,17810,17816
žarija,Lithuanian,527,17817,17831
žarna,Lithuanian,528,17832,17840
žąsis,Lithuanian,528,17841,17854
žavinti,Lithuanian,528,17855,17860
želtas,Lithuanian,528,17861,17866
želti,Lithuanian,528,17867,17871
želvas,Lithuanian,528,17872,17882
žemas,Lithuanian,529,17883,17890
žembėti,Lithuanian,529,17891,17899
žembti,Lithuanian,529,17900,17916
žemė,Lithuanian,530,17917,17928
ženklas,Lithuanian,530,17929,17935
žentas,Lithuanian,530,17936,17949
žentė,Lithuanian,531,17950,17955
žėrėti,Lithuanian,531,17956,17966
žerti,Lithuanian,531,17967,17972
žiauna,Lithuanian,531,17973,17983
žiaurus,Lithuanian,531,17984,17993
žydėti,Lithuanian,532,17994,17999
žiedas,Lithuanian,532,18000,18006
žiedėti,Lithuanian,532,18007,18017
žiema,Lithuanian,532,18018,18034
žiesti,Lithuanian,533,18035,18044
žilas,Lithuanian,533,18045,18051
žymė,Lithuanian,533,18052,18058
žynys,Lithuanian,533,18059,18064
žinoti,Lithuanian,533,18065,18083
žioti,Lithuanian,534,18084,18093
žirnis,Lithuanian,534,18094,18108
žirti,Lithuanian,535,18109,18114
žįsti,Lithuanian,535,18115,18119
žmogus,Lithuanian,535,18120,18125
žmona,Lithuanian,535,18126,18131
žmonės,Lithuanian,535,18132,18138
žmuo,Lithuanian,535,18139,18153
žolė,Lithuanian,536,18154,18161
žudinti,Lithuanian,536,18162,18168
žudyti,Lithuanian,536,18169,18177
žūti I,Lithuanian,536,18178,18186
žūti 11,Lithuanian,537,18187,18190
žuvis,Lithuanian,537,18191,18200
žvaigždė,Lithuanian,537,18201,18209
žvakė,Lithuanian,537,18210,18212
žvejoti,Lithuanian,537,18213,18222
žvengti,Lithuanian,538,18223,18232
žvėris,Lithuanian,538,18233,18247
žvilti l,Lithuanian,538,18248,18253
žvilti 11,Lithuanian,538,18254,18262
žvirgždas,Lithuanian,539,18263,18279
agrs,Latvian,540,18280,18285
aluot,Latvian,540,18286,18294
asins,Latvian,540,18295,18303
alava,Latvian,540,18304,18318
aĮa,Latvian,541,18319,18330
bariba,Latvian,541,18331,18340
bities,Latvian,541,18341,18346
blaiskums,Latvian,541,18347,18358
blet,Latvian,542,18359,18367
brauna,Latvian,542,18368,18376
cenksle,Latvian,542,18377,18382
cerme,Latvian,542,18383,18388
cimslis,Latvian,542,18389,18397
cinksla,Latvian,543,18398,18403
cipsla,Latvian,543,18404,18409
dabĮš,Latvian,543,18410,18419
danga,Latvian,543,18420,18430
dargs,Latvian,544,18431,18439
davat,Latvian,544,18440,18449
denkts,Latvian,544,18450,18458
depsis,Latvian,544,18459,18472
dels,Latvian,545,18473,18480
d et,Latvian,545,18481,18489
dirbinat,Latvian,545,18490,18495
dile,Latvian,545,18496,18504
dilit,Latvian,546,18505,18509
diet,Latvian,546,18510,18514
draupit,Latvian,546,18515,18520
drubazas,Latvian,546,18521,18526
drupt,Latvian,546,18527,18532
dubra,Latvian,546,18533,18544
duobjš,Latvian,547,18545,18550
dzelva,Latvian,547,18551,18562
dzese,Latvian,547,18563,18569
dzėsnis,Latvian,547,18570,18576
ercis,Latvian,547,18577,18589
erst,Latvian,548,18590,18595
gadit,Latvian,548,18596,18604
gar m e,Latvian,548,18605,18612
glendet,Latvian,548,18613,18625
grauds,Latvian,549,18626,18631
griva,Latvian,549,18632,18643
gubezis,Latvian,549,18644,18654
gurot,Latvian,549,18655,18669
gurs te,Latvian,550,18670,18677
gūt,Latvian,550,18678,18683
guosts,Latvian,550,18684,18693
guovs,Latvian,550,18694,18701
idra,Latvian,550,18702,18711
ilkss,Latvian,551,18712,18717
ils,Latvian,551,18718,18728
ists,Latvian,551,18729,18737
ie-,Latvian,551,18738,18745
ieza,Latvian,552,18746,18751
jūtis,Latvian,552,18752,18757
kaĮuot,Latvian,552,18758,18763
kamiens,Latvian,552,18764,18770
kars,Latvian,552,18771,18778
karuot,Latvian,552,18779,18784
kleins,Latvian,552,18785,18790
krails,Latvian,552,18791,18798
kraukas,Latvian,553,18799,18804
kriit,Latvian,553,18805,18815
kreilis,Latvian,553,18816,18820
kreiss,Latvian,553,18821,18826
krems,Latvian,553,18827,18835
krijat,Latvian,553,18836,18841
kriens,Latvian,553,18842,18849
krumpet,Latvian,554,18850,18858
kfaupa,Latvian,554,18859,18871
kukinat,Latvian,554,18872,18877
kurns,Latvian,554,18878,18893
kūpet,Latvian,555,18894,18899
kūsat,Latvian,555,18900,18907
kvepi,Latvian,555,18908,18913
kvitet,Latvian,555,18914,18919
laiksne,Latvian,555,18920,18925
lauska,Latvian,555,18926,18936
lapsta,Latvian,556,18937,18945
levs,Latvian,556,18946,18951
lezet,Latvian,556,18952,18966
liks,Latvian,557,18967,18975
liemenis,Latvian,557,18976,18981
marga,Latvian,557,18982,18991
maut i,Latvian,557,18992,18997
maut 11,Latvian,557,18998,19005
melns,Latvian,558,19006,19012
milna,Latvian,558,19013,19022
mit,Latvian,558,19023,19030
naiduot,Latvian,558,19031,19036
nit,Latvian,558,19037,19046
paduse,Latvian,559,19047,19057
parsia,Latvian,559,19058,19066
plaka,Latvian,559,19067,19075
plasks,Latvian,559,19076,19086
plauksta,Latvian,560,19087,19095
pluts,Latvian,560,19096,19105
pĮauja,Latvian,560,19106,19111
p reti,Latvian,560,19112,19119
p uoga,Latvian,560,19120,19130
raidit,Latvian,561,19131,19141
raids,Latvian,561,19142,19157
rens,Latvian,561,19158,19168
ridas,Latvian,562,19169,19174
rist,Latvian,562,19175,19181
rubenis,Latvian,562,19182,19187
salms,Latvian,562,19188,19198
sals,Latvian,562,19199,19213
seja,Latvian,563,19214,19222
sert,Latvian,563,19223,19230
sirks,Latvian,563,19231,19236
sieva,Latvian,563,19237,19248
skarbs,Latvian,564,19249,19260
skrabt,Latvian,564,19261,19266
sliekas,Latvian,564,19267,19272
slienas,Latvian,564,19273,19285
smiet,Latvian,564,19286,19301
snaujis,Latvian,565,19302,19310
snat,Latvian,565,19311,19316
stiga,Latvian,565,19317,19328
stigt,Latvian,566,19329,19334
sūkt,Latvian,566,19335,19345
svinet,Latvian,566,19346,19351
svist,Latvian,566,19352,19359
sviedri,Latvian,566,19360,19387
teks,Latvian,567,19388,19398
t ima,Latvian,567,19399,19408
traust,Latvian,567,19409,19414
tūte,Latvian,567,19415,19419
valgans,Latvian,567,19420,19427
varit,Latvian,568,19428,19436
vikt,Latvian,568,19437,19441
zelts,Latvian,568,19442,19452
znuots,Latvian,568,19453,19464
aglo,Old Prussian,569,19465,19470
ackons,Old Prussian,569,19471,19475
ayculo,Old Prussian,569,19476,19484
artwes,Old Prussian,569,19485,19490
assanis,Old Prussian,569,19491,19502
au-,Old Prussian,569,19503,19513
dalptan,Old Prussian,569,19514,19525
dirbinsnan,Old Prussian,569,19526,19531
emmens,Old Prussian,569,19532,19545
gabawo,Old Prussian,571,19546,19556
geits,Old Prussian,571,19557,19568
genno,Old Prussian,572,19569,19577
grumins,Old Prussian,572,19578,19583
gulsennin,Old Prussian,572,19584,19589
instran,Old Prussian,572,19590,19605
kailūstikan,Old Prussian,573,19606,19617
kelan,Old Prussian,573,19618,19626
kermens,Old Prussian,573,19627,19641
kis man,Old Prussian,574,19642,19650
Langa,Old Prussian,574,19651,19658
lasto,Old Prussian,574,19659,19667
lauxnos,Old Prussian,575,19668,19679
luckis,Old Prussian,575,19680,19689
mais,Old Prussian,575,19690,19696
maldai,Old Prussian,575,19697,19706
maldenikis,Old Prussian,576,19707,19714
mien,Old Prussian,576,19715,19722
nabis,Old Prussian,576,19723,19725
nautin,Old Prussian,576,19726,19735
pausto,Old Prussian,576,19736,19747
pintis,Old Prussian,577,19748,19757
plasmeno,Old Prussian,577,19758,19766
pūton,Old Prussian,577,19767,19777
salowis,Old Prussian,577,19778,19789
sasins,Old Prussian,578,19790,19796
seydis,Old Prussian,578,19797,19804
scurdis,Old Prussian,578,19805,19815
soakis,Old Prussian,579,19816,19821
stalit,Old Prussian,579,19822,19826
strigeno,Old Prussian,579,19827,19836
tempran,Old Prussian,579,19837,19844
towis,Old Prussian,580,19845,19850
trupis,Old Prussian,580,19851,19860
waist,Old Prussian,580,19861,19871
wanso,Old Prussian,580,19872,19885
warsus,Old Prussian,581,19886,19894
widdewū,Old Prussian,581,19895,19905
wormyan,Old Prussian,581,19906,24846
